document_id,dataset_category,document_family,source_group,source_archive,original_filename,benchmark_filename,raw_path,benchmark_path,sha256,file_size_bytes,page_count,width_points,height_points,has_text_layer,text_character_count,is_image_only_pdf,is_merged,include_in_benchmark,duplicate_of,quality_status,ground_truth_level,notes
MERGED-VAT_DISCOUNT,vat_discount,INVOICE,VAT_DISCOUNT,mau_hd_gtgt_thue_tong_co_chiet_khau_pdf.zip,mau_hd_gtgt_thue_tong_co_chiet_khau_merged.pdf,merged_mau_hd_gtgt_thue_tong_co_chiet_khau_merged.pdf,reference_merged/vat_discount/mau_hd_gtgt_thue_tong_co_chiet_khau_merged.pdf,,243f69a869818b1a0c051b0c6216787f823a960e12a30ab0aa445ec6024c321f,766034,3,595.0,842.0,False,0,True,True,False,,MERGED_REFERENCE,0,Merged reference file containing aggregated pages
VATD-0001,vat_discount,INVOICE,VAT_DISCOUNT,mau_hd_gtgt_thue_tong_co_chiet_khau_pdf.zip,01GTKT0_055.pdf,vat_discount_0001_01GTKT0_055.pdf,raw/invoices/vat_discount/01GTKT0_055.pdf,benchmark/documents/vat_discount/vat_discount_0001_01GTKT0_055.pdf,579ca39c6def8084921418de38271e2ca88725236014613daaa2c3712995948c,266502,1,595.0,842.0,False,0,True,False,True,,VALID,0,
VATD-0002,vat_discount,INVOICE,VAT_DISCOUNT,mau_hd_gtgt_thue_tong_co_chiet_khau_pdf.zip,01GTKT0_059.pdf,vat_discount_0002_01GTKT0_059.pdf,raw/invoices/vat_discount/01GTKT0_059.pdf,benchmark/documents/vat_discount/vat_discount_0002_01GTKT0_059.pdf,1be12ae8161819aa6b52a1bddc1c867e73448012a5d06be7aa36ce5b8218db04,267392,1,595.0,842.0,False,0,True,False,True,,VALID,0,
VATD-0003,vat_discount,INVOICE,VAT_DISCOUNT,mau_hd_gtgt_thue_tong_co_chiet_khau_pdf.zip,01GTKT0_082.pdf,vat_discount_0003_01GTKT0_082.pdf,raw/invoices/vat_discount/01GTKT0_082.pdf,benchmark/documents/vat_discount/vat_discount_0003_01GTKT0_082.pdf,048f28ae2a89106db4c408f9454d7aa99618ba02cca67bcff8b1c75aaf9d89ae,238058,1,595.0,842.0,False,0,True,False,True,,VALID,0,
MERGED-UTILITIES,utilities,INVOICE,UTILITIES,mau_hd_gtgt_dien_va_nuoc_pdf.zip,mau_hd_gtgt_dien_va_nuoc_merged.pdf,merged_mau_hd_gtgt_dien_va_nuoc_merged.pdf,reference_merged/utilities/mau_hd_gtgt_dien_va_nuoc_merged.pdf,,6b03f069f20b5c4d10c69cb0c5f192cf4d6d858b56b4e68d8e83515adcbcfbff,2457647,10,595.28,841.89,False,0,True,True,False,,MERGED_REFERENCE,0,Merged reference file containing aggregated pages
UTIL-0001,utilities,INVOICE,UTILITIES,mau_hd_gtgt_dien_va_nuoc_pdf.zip,01GTKT0_046.pdf,utilities_0001_01GTKT0_046.pdf,raw/invoices/utilities/individual/HĐ GTGT ĐIỆN/01GTKT0_046.pdf,benchmark/documents/utilities/utilities_0001_01GTKT0_046.pdf,bba89296a35b9633c807d4e473fa81bbc1aaed6cc29b9645ee53e1fdaf20a21f,220223,1,595.28,841.89,False,0,True,False,True,,VALID,0,
UTIL-0002,utilities,INVOICE,UTILITIES,mau_hd_gtgt_dien_va_nuoc_pdf.zip,01GTKT0_047.pdf,utilities_0002_01GTKT0_047.pdf,raw/invoices/utilities/individual/HĐ GTGT NƯỚC/01GTKT0_047.pdf,benchmark/documents/utilities/utilities_0002_01GTKT0_047.pdf,c9646b426c9792a538464b0ced34bd4475dadd1a9d72aabead5660ba9fcb0cf7,323415,1,595.28,841.89,False,0,True,False,True,,VALID,0,
UTIL-0003,utilities,INVOICE,UTILITIES,mau_hd_gtgt_dien_va_nuoc_pdf.zip,01GTKT0_049.pdf,utilities_0003_01GTKT0_049.pdf,raw/invoices/utilities/individual/HĐ GTGT NƯỚC/01GTKT0_049.pdf,benchmark/documents/utilities/utilities_0003_01GTKT0_049.pdf,74412b111b31a563951ccd9657a5d5252447fa36241ddad168f288c2a8e4d6b9,323290,1,595.28,841.89,False,0,True,False,True,,VALID,0,
UTIL-0004,utilities,INVOICE,UTILITIES,mau_hd_gtgt_dien_va_nuoc_pdf.zip,01GTKT0_072.pdf,utilities_0004_01GTKT0_072.pdf,raw/invoices/utilities/individual/HĐ GTGT ĐIỆN/01GTKT0_072.pdf,benchmark/documents/utilities/utilities_0004_01GTKT0_072.pdf,bd9e2191740d1598b7cae0d77d536639b6635b6ad0fae18344c271a84ed57b77,230180,1,595.28,841.89,False,0,True,False,True,,VALID,0,
UTIL-0005,utilities,INVOICE,UTILITIES,mau_hd_gtgt_dien_va_nuoc_pdf.zip,01GTKT0_084.pdf,utilities_0005_01GTKT0_084.pdf,raw/invoices/utilities/individual/HĐ GTGT NƯỚC/01GTKT0_084.pdf,benchmark/documents/utilities/utilities_0005_01GTKT0_084.pdf,f09745204e525d0cf9790b8e0e42b4ca432305c436b74e1b25f0743703e32685,219642,1,841.89,595.28,False,0,True,False,True,,VALID,0,
UTIL-0006,utilities,INVOICE,UTILITIES,mau_hd_gtgt_dien_va_nuoc_pdf.zip,01GTKT0_098.pdf,utilities_0006_01GTKT0_098.pdf,raw/invoices/utilities/individual/HĐ GTGT NƯỚC/01GTKT0_098.pdf,benchmark/documents/utilities/utilities_0006_01GTKT0_098.pdf,aae3825484e58dc5809e1fc3c32d1dff3dc3f2b361fcc27354b51bdf4720cb29,355812,1,595.28,841.89,False,0,True,False,True,,VALID,0,
UTIL-0007,utilities,INVOICE,UTILITIES,mau_hd_gtgt_dien_va_nuoc_pdf.zip,01GTKT0_103.pdf,utilities_0007_01GTKT0_103.pdf,raw/invoices/utilities/individual/HĐ GTGT ĐIỆN/01GTKT0_103.pdf,benchmark/documents/utilities/utilities_0007_01GTKT0_103.pdf,ce750a402452b7c68ef94679bc311abf610b275e3f47a0dd3d30fa5c33477f1c,179425,1,841.89,595.28,False,0,True,False,True,,VALID,0,
UTIL-0008,utilities,INVOICE,UTILITIES,mau_hd_gtgt_dien_va_nuoc_pdf.zip,01GTKT0_110.pdf,utilities_0008_01GTKT0_110.pdf,raw/invoices/utilities/individual/HĐ GTGT ĐIỆN/01GTKT0_110.pdf,benchmark/documents/utilities/utilities_0008_01GTKT0_110.pdf,2964836ab6c91a8fe9c1fc6d3b7a532a5c66766a4ff651e4a4ef9226edce756d,210871,1,595.28,841.89,False,0,True,False,True,,VALID,0,
UTIL-0009,utilities,INVOICE,UTILITIES,mau_hd_gtgt_dien_va_nuoc_pdf.zip,01GTKT0_117.pdf,utilities_0009_01GTKT0_117.pdf,raw/invoices/utilities/individual/HĐ GTGT ĐIỆN/01GTKT0_117.pdf,benchmark/documents/utilities/utilities_0009_01GTKT0_117.pdf,e27096367ebce96aeed12e9e0ec3b392d109dc2f2333d59202de6aa284c7ca8b,198578,1,841.89,595.28,False,0,True,False,True,,VALID,0,
UTIL-0010,utilities,INVOICE,UTILITIES,mau_hd_gtgt_dien_va_nuoc_pdf.zip,01GTKT0_126.pdf,utilities_0010_01GTKT0_126.pdf,raw/invoices/utilities/individual/HĐ GTGT NƯỚC/01GTKT0_126.pdf,benchmark/documents/utilities/utilities_0010_01GTKT0_126.pdf,a75bbb249570704d70aa715ef8c656806f889e5331e3ffd03b1737939955fc17,204371,1,841.89,595.28,False,0,True,False,True,,VALID,0,
MERGED-SALES_RECEIPTS,sales_receipts,INVOICE_OR_RECEIPT,SALES_RECEIPTS,mau_hd_ban_hang_va_bien_lai_pdf.zip,mau_hd_ban_hang_va_bien_lai_merged.pdf,merged_mau_hd_ban_hang_va_bien_lai_merged.pdf,reference_merged/sales_receipts/mau_hd_ban_hang_va_bien_lai_merged.pdf,,ea174718032ab3da688ea9705a575a269d084dd5efda804a23eecc49547f87bf,8768998,38,841.89,595.28,False,0,True,True,False,,MERGED_REFERENCE,0,Merged reference file containing aggregated pages
SALE-0001,sales_receipts,INVOICE_OR_RECEIPT,SALES_RECEIPTS,mau_hd_ban_hang_va_bien_lai_pdf.zip,01BLP0_001.pdf,sales_receipts_0001_01BLP0_001.pdf,raw/invoices/sales_receipts/individual/BIÊN LAI/01BLP0_001.pdf,benchmark/documents/sales_receipts/sales_receipts_0001_01BLP0_001.pdf,93058f2867f6f21a700d7000f7782a2ac01147e7db3af408438507250955157d,163731,1,841.89,595.28,False,0,True,False,True,,VALID,0,
SALE-0002,sales_receipts,INVOICE_OR_RECEIPT,SALES_RECEIPTS,mau_hd_ban_hang_va_bien_lai_pdf.zip,01BLP0_002.pdf,sales_receipts_0002_01BLP0_002.pdf,raw/invoices/sales_receipts/individual/BIÊN LAI/01BLP0_002.pdf,benchmark/documents/sales_receipts/sales_receipts_0002_01BLP0_002.pdf,11a91c93c2eac0eaa6c4eba2984f3a078a53ae242f7d51c2b07c1fa673f3bd7c,164774,1,841.89,595.28,False,0,True,False,True,,VALID,0,
SALE-0003,sales_receipts,INVOICE_OR_RECEIPT,SALES_RECEIPTS,mau_hd_ban_hang_va_bien_lai_pdf.zip,02GTTT0_022.pdf,sales_receipts_0003_02GTTT0_022.pdf,raw/invoices/sales_receipts/individual/HĐ BÁN HÀNG/HĐ BÁN HÀNG CÓ QCODE/02GTTT0_022.pdf,benchmark/documents/sales_receipts/sales_receipts_0003_02GTTT0_022.pdf,414044cec756a759ce4b4f6e0063a02b5085617491690546c43767660d9857c5,220688,1,595.28,841.89,False,0,True,False,True,,VALID,0,
SALE-0004,sales_receipts,INVOICE_OR_RECEIPT,SALES_RECEIPTS,mau_hd_ban_hang_va_bien_lai_pdf.zip,02GTTT0_023.pdf,sales_receipts_0004_02GTTT0_023.pdf,raw/invoices/sales_receipts/individual/HĐ BÁN HÀNG/HĐ BÁN HÀNG KHÁC/02GTTT0_023.pdf,benchmark/documents/sales_receipts/sales_receipts_0004_02GTTT0_023.pdf,f609b37c2a4b12b187d868d0dd1e040b0acc7c38883a332ce50510902d30cb1f,266963,1,595.28,841.89,False,0,True,False,True,,VALID,0,
SALE-0005,sales_receipts,INVOICE_OR_RECEIPT,SALES_RECEIPTS,mau_hd_ban_hang_va_bien_lai_pdf.zip,02GTTT0_024.pdf,sales_receipts_0005_02GTTT0_024.pdf,raw/invoices/sales_receipts/individual/HĐ BÁN HÀNG/HĐ BÁN HÀNG TRƯỜNG HỌC/02GTTT0_024.pdf,benchmark/documents/sales_receipts/sales_receipts_0005_02GTTT0_024.pdf,ac1aa04bde2bd32829544b9e36e04acc8f10ff46bbb7f5e13239fdf2593ef3bc,222086,1,841.89,595.28,False,0,True,False,True,,VALID,0,
SALE-0006,sales_receipts,INVOICE_OR_RECEIPT,SALES_RECEIPTS,mau_hd_ban_hang_va_bien_lai_pdf.zip,02GTTT0_025.pdf,sales_receipts_0006_02GTTT0_025.pdf,raw/invoices/sales_receipts/individual/HĐ BÁN HÀNG/HĐ BÁN HÀNG KHÁC/02GTTT0_025.pdf,benchmark/documents/sales_receipts/sales_receipts_0006_02GTTT0_025.pdf,ed1d89454a764c07bf5cd1a084e39fb38de425478bd724c15fd8ac44d34e98c8,283855,1,595.28,841.89,False,0,True,False,True,,VALID,0,
SALE-0007,sales_receipts,INVOICE_OR_RECEIPT,SALES_RECEIPTS,mau_hd_ban_hang_va_bien_lai_pdf.zip,02GTTT0_026.pdf,sales_receipts_0007_02GTTT0_026.pdf,raw/invoices/sales_receipts/individual/HĐ BÁN HÀNG/HĐ BÁN HÀNG KHÁC/02GTTT0_026.pdf,benchmark/documents/sales_receipts/sales_receipts_0007_02GTTT0_026.pdf,a51f1745f938488b857a63e3617dfc2acbd620ca8c859806f794d8a646ececc7,335694,1,595.28,841.89,False,0,True,False,True,,VALID,0,
SALE-0008,sales_receipts,INVOICE_OR_RECEIPT,SALES_RECEIPTS,mau_hd_ban_hang_va_bien_lai_pdf.zip,02GTTT0_027.pdf,sales_receipts_0008_02GTTT0_027.pdf,raw/invoices/sales_receipts/individual/HĐ BÁN HÀNG/HĐ BÁN HÀNG TRƯỜNG HỌC/02GTTT0_027.pdf,benchmark/documents/sales_receipts/sales_receipts_0008_02GTTT0_027.pdf,949aec6000f6b63b944faa7a8671b24a65b6ec729a14da80306750690bed4bce,272764,1,595.28,841.89,False,0,True,False,True,,VALID,0,
SALE-0009,sales_receipts,INVOICE_OR_RECEIPT,SALES_RECEIPTS,mau_hd_ban_hang_va_bien_lai_pdf.zip,02GTTT0_028.pdf,sales_receipts_0009_02GTTT0_028.pdf,raw/invoices/sales_receipts/individual/HĐ BÁN HÀNG/HĐ BÁN HÀNG TRƯỜNG HỌC/02GTTT0_028.pdf,benchmark/documents/sales_receipts/sales_receipts_0009_02GTTT0_028.pdf,aeba42ba81677900bac240fde9e19dd26ffc2622db781f9c65a120ec1bc20422,272763,1,595.28,841.89,False,0,True,False,True,,VALID,0,
SALE-0010,sales_receipts,INVOICE_OR_RECEIPT,SALES_RECEIPTS,mau_hd_ban_hang_va_bien_lai_pdf.zip,02GTTT0_029.pdf,sales_receipts_0010_02GTTT0_029.pdf,raw/invoices/sales_receipts/individual/HĐ BÁN HÀNG/HĐ BÁN HÀNG TRƯỜNG HỌC/02GTTT0_029.pdf,benchmark/documents/sales_receipts/sales_receipts_0010_02GTTT0_029.pdf,3d41f340a9d352e98c45f5d61c82dae4ad096814f6ba12fb986f8d97f608b3ee,288293,1,595.28,841.89,False,0,True,False,True,,VALID,0,
SALE-0011,sales_receipts,INVOICE_OR_RECEIPT,SALES_RECEIPTS,mau_hd_ban_hang_va_bien_lai_pdf.zip,02GTTT0_030.pdf,sales_receipts_0011_02GTTT0_030.pdf,raw/invoices/sales_receipts/individual/HĐ BÁN HÀNG/HĐ BÁN HÀNG BỆNH VIỆN/02GTTT0_030.pdf,benchmark/documents/sales_receipts/sales_receipts_0011_02GTTT0_030.pdf,77555d7a8ca16c9e55d759f44b643fbbf5b696ea405d7c1a3c41b8919c1f08a4,210189,1,841.89,595.28,False,0,True,False,True,,VALID,0,
SALE-0012,sales_receipts,INVOICE_OR_RECEIPT,SALES_RECEIPTS,mau_hd_ban_hang_va_bien_lai_pdf.zip,02GTTT0_031.pdf,sales_receipts_0012_02GTTT0_031.pdf,raw/invoices/sales_receipts/individual/HĐ BÁN HÀNG/HĐ BÁN HÀNG BỆNH VIỆN/02GTTT0_031.pdf,benchmark/documents/sales_receipts/sales_receipts_0012_02GTTT0_031.pdf,a9df5fa4ecfb1777d722b46a503f726bfaf56d0abf6c0c2cc96b2357716d52a7,258886,1,595.28,841.89,False,0,True,False,True,,VALID,0,
SALE-0013,sales_receipts,INVOICE_OR_RECEIPT,SALES_RECEIPTS,mau_hd_ban_hang_va_bien_lai_pdf.zip,02GTTT0_032.pdf,sales_receipts_0013_02GTTT0_032.pdf,raw/invoices/sales_receipts/individual/HĐ BÁN HÀNG/HĐ BÁN HÀNG TRƯỜNG HỌC/02GTTT0_032.pdf,benchmark/documents/sales_receipts/sales_receipts_0013_02GTTT0_032.pdf,c6f49c8faf692e6a4274a37b5eea476639e9cd3bdd86a9b6e406dd37d135467a,168968,1,841.89,595.28,False,0,True,False,True,,VALID,0,
SALE-0014,sales_receipts,INVOICE_OR_RECEIPT,SALES_RECEIPTS,mau_hd_ban_hang_va_bien_lai_pdf.zip,02GTTT0_033.pdf,sales_receipts_0014_02GTTT0_033.pdf,raw/invoices/sales_receipts/individual/HĐ BÁN HÀNG/HĐ BÁN HÀNG TRƯỜNG HỌC/02GTTT0_033.pdf,benchmark/documents/sales_receipts/sales_receipts_0014_02GTTT0_033.pdf,ef95a563e4055e27bb9c322a5f98aeaa1360e4f83ae4c200fdc5145c610d73e2,180566,1,841.89,595.28,False,0,True,False,True,,VALID,0,
SALE-0015,sales_receipts,INVOICE_OR_RECEIPT,SALES_RECEIPTS,mau_hd_ban_hang_va_bien_lai_pdf.zip,02GTTT0_034.pdf,sales_receipts_0015_02GTTT0_034.pdf,raw/invoices/sales_receipts/individual/HĐ BÁN HÀNG/HĐ BÁN HÀNG TRƯỜNG HỌC/02GTTT0_034.pdf,benchmark/documents/sales_receipts/sales_receipts_0015_02GTTT0_034.pdf,e014669f004d504d23ddc39dbba2067aff9673a7d1cacd29d4c44d4ad07d393d,216570,1,841.89,595.28,False,0,True,False,True,,VALID,0,
SALE-0016,sales_receipts,INVOICE_OR_RECEIPT,SALES_RECEIPTS,mau_hd_ban_hang_va_bien_lai_pdf.zip,02GTTT0_035.pdf,sales_receipts_0016_02GTTT0_035.pdf,raw/invoices/sales_receipts/individual/HĐ BÁN HÀNG/HĐ BÁN HÀNG BỆNH VIỆN/02GTTT0_035.pdf,benchmark/documents/sales_receipts/sales_receipts_0016_02GTTT0_035.pdf,3a899ee07af0f8d0778409c174562eac87e226a241fcabc538cb9b6fa16f54f7,210418,1,841.89,595.28,False,0,True,False,True,,VALID,0,
SALE-0017,sales_receipts,INVOICE_OR_RECEIPT,SALES_RECEIPTS,mau_hd_ban_hang_va_bien_lai_pdf.zip,02GTTT0_036.pdf,sales_receipts_0017_02GTTT0_036.pdf,raw/invoices/sales_receipts/individual/HĐ BÁN HÀNG/HĐ BÁN HÀNG TRƯỜNG HỌC/02GTTT0_036.pdf,benchmark/documents/sales_receipts/sales_receipts_0017_02GTTT0_036.pdf,977bd04901ab393b7e2d89867e09ffa02e0694e96ed0d3f4f82db8ee40a1f63b,285779,1,595.28,841.89,False,0,True,False,True,,VALID,0,
SALE-0018,sales_receipts,INVOICE_OR_RECEIPT,SALES_RECEIPTS,mau_hd_ban_hang_va_bien_lai_pdf.zip,02GTTT0_037.pdf,sales_receipts_0018_02GTTT0_037.pdf,raw/invoices/sales_receipts/individual/HĐ BÁN HÀNG/HĐ BÁN HÀNG KHÁC/02GTTT0_037.pdf,benchmark/documents/sales_receipts/sales_receipts_0018_02GTTT0_037.pdf,1f93ff36216a5642313e2ae3dda6b102492b53c9a239d1e3f74f04c0d1c59659,217912,1,841.89,595.28,False,0,True,False,True,,VALID,0,
SALE-0019,sales_receipts,INVOICE_OR_RECEIPT,SALES_RECEIPTS,mau_hd_ban_hang_va_bien_lai_pdf.zip,02GTTT0_038.pdf,sales_receipts_0019_02GTTT0_038.pdf,raw/invoices/sales_receipts/individual/HĐ BÁN HÀNG/HĐ BÁN HÀNG KHÁC/02GTTT0_038.pdf,benchmark/documents/sales_receipts/sales_receipts_0019_02GTTT0_038.pdf,b99bbe79b73245e90b4834bbe0149d4c166bdbe6c048a38059bb3c6dcdeeab06,264664,1,595.28,841.89,False,0,True,False,True,,VALID,0,
SALE-0020,sales_receipts,INVOICE_OR_RECEIPT,SALES_RECEIPTS,mau_hd_ban_hang_va_bien_lai_pdf.zip,02GTTT0_039.pdf,sales_receipts_0020_02GTTT0_039.pdf,raw/invoices/sales_receipts/individual/HĐ BÁN HÀNG/HĐ BÁN HÀNG TRƯỜNG HỌC/02GTTT0_039.pdf,benchmark/documents/sales_receipts/sales_receipts_0020_02GTTT0_039.pdf,6b338bcbc7619f75f9f6ab3db14b1fcf33ff59ee3d2aeee091693e743856a4b1,169224,1,841.89,595.28,False,0,True,False,True,,VALID,0,
SALE-0021,sales_receipts,INVOICE_OR_RECEIPT,SALES_RECEIPTS,mau_hd_ban_hang_va_bien_lai_pdf.zip,02GTTT0_040.pdf,sales_receipts_0021_02GTTT0_040.pdf,raw/invoices/sales_receipts/individual/HĐ BÁN HÀNG/HĐ BÁN HÀNG PHIẾU THU PHÍ VỆ SINH/02GTTT0_040.pdf,benchmark/documents/sales_receipts/sales_receipts_0021_02GTTT0_040.pdf,ed4e05953bcbb285e5eb50eb4f51a275faddfbb20458f8a9fc930ee331e16da0,197051,1,841.89,595.28,False,0,True,False,True,,VALID,0,
SALE-0022,sales_receipts,INVOICE_OR_RECEIPT,SALES_RECEIPTS,mau_hd_ban_hang_va_bien_lai_pdf.zip,02GTTT0_041.pdf,sales_receipts_0022_02GTTT0_041.pdf,raw/invoices/sales_receipts/individual/HĐ BÁN HÀNG/HĐ BÁN HÀNG BỆNH VIỆN/02GTTT0_041.pdf,benchmark/documents/sales_receipts/sales_receipts_0022_02GTTT0_041.pdf,b545fc88c8d1dcfd1524786e7dfc8f0d02e499c949891041a4deec5309a3abb1,218592,1,841.89,595.28,False,0,True,False,True,,VALID,0,
SALE-0023,sales_receipts,INVOICE_OR_RECEIPT,SALES_RECEIPTS,mau_hd_ban_hang_va_bien_lai_pdf.zip,02GTTT0_042.pdf,sales_receipts_0023_02GTTT0_042.pdf,raw/invoices/sales_receipts/individual/HĐ BÁN HÀNG/HĐ BÁN HÀNG KHÁC/02GTTT0_042.pdf,benchmark/documents/sales_receipts/sales_receipts_0023_02GTTT0_042.pdf,c1ba4a70992e5b1256b0989f930c4ca43a61589a67d8bb559697179924a500be,198188,1,841.89,595.28,False,0,True,False,True,,VALID,0,
SALE-0024,sales_receipts,INVOICE_OR_RECEIPT,SALES_RECEIPTS,mau_hd_ban_hang_va_bien_lai_pdf.zip,02GTTT0_043.pdf,sales_receipts_0024_02GTTT0_043.pdf,raw/invoices/sales_receipts/individual/HĐ BÁN HÀNG/HĐ BÁN HÀNG KHÁC/02GTTT0_043.pdf,benchmark/documents/sales_receipts/sales_receipts_0024_02GTTT0_043.pdf,02a6281e764d1ad062c4a395a38ef54833737691481d585feea35c96cff336d6,204653,1,841.89,595.28,False,0,True,False,True,,VALID,0,
SALE-0025,sales_receipts,INVOICE_OR_RECEIPT,SALES_RECEIPTS,mau_hd_ban_hang_va_bien_lai_pdf.zip,02GTTT0_045.pdf,sales_receipts_0025_02GTTT0_045.pdf,raw/invoices/sales_receipts/individual/HĐ BÁN HÀNG/HĐ BÁN HÀNG TRƯỜNG HỌC/02GTTT0_045.pdf,benchmark/documents/sales_receipts/sales_receipts_0025_02GTTT0_045.pdf,76ed90e4629ed58f2ef7ae2329b2ed79e34e36477a38662e62eb7fb34ab5652c,157126,1,841.89,595.28,False,0,True,False,True,,VALID,0,
SALE-0026,sales_receipts,INVOICE_OR_RECEIPT,SALES_RECEIPTS,mau_hd_ban_hang_va_bien_lai_pdf.zip,02GTTT0_046.pdf,sales_receipts_0026_02GTTT0_046.pdf,raw/invoices/sales_receipts/individual/HĐ BÁN HÀNG/HĐ BÁN HÀNG BỆNH VIỆN/02GTTT0_046.pdf,benchmark/documents/sales_receipts/sales_receipts_0026_02GTTT0_046.pdf,1a9b01f0ea08d36fd2d352b76edf00fa84401e4faa8a82eb5fd7865f651a88aa,212049,1,841.89,595.28,False,0,True,False,True,,VALID,0,
SALE-0027,sales_receipts,INVOICE_OR_RECEIPT,SALES_RECEIPTS,mau_hd_ban_hang_va_bien_lai_pdf.zip,02GTTT0_047.pdf,sales_receipts_0027_02GTTT0_047.pdf,raw/invoices/sales_receipts/individual/HĐ BÁN HÀNG/HĐ BÁN HÀNG KHÁC/02GTTT0_047.pdf,benchmark/documents/sales_receipts/sales_receipts_0027_02GTTT0_047.pdf,7cc1df8c924cb3049d4516940774a4c037eac3699eb995de89466e21edc69860,216505,1,841.89,595.28,False,0,True,False,True,,VALID,0,
SALE-0028,sales_receipts,INVOICE_OR_RECEIPT,SALES_RECEIPTS,mau_hd_ban_hang_va_bien_lai_pdf.zip,02GTTT0_048.pdf,sales_receipts_0028_02GTTT0_048.pdf,raw/invoices/sales_receipts/individual/HĐ BÁN HÀNG/HĐ BÁN HÀNG TRƯỜNG HỌC/02GTTT0_048.pdf,benchmark/documents/sales_receipts/sales_receipts_0028_02GTTT0_048.pdf,86bcb59f00bfa3ff2499edf88abcf81643363f1a878bc1873861ccb50844bb3f,230035,1,841.89,595.28,False,0,True,False,True,,VALID,0,
SALE-0029,sales_receipts,INVOICE_OR_RECEIPT,SALES_RECEIPTS,mau_hd_ban_hang_va_bien_lai_pdf.zip,02GTTT0_049.pdf,sales_receipts_0029_02GTTT0_049.pdf,raw/invoices/sales_receipts/individual/HĐ BÁN HÀNG/HĐ BÁN HÀNG TRƯỜNG HỌC/02GTTT0_049.pdf,benchmark/documents/sales_receipts/sales_receipts_0029_02GTTT0_049.pdf,4b10bd7979d632ce563b20ac7db51483430803bda814417f8a998ba8ad72b50e,284853,1,595.28,841.89,False,0,True,False,True,,VALID,0,
SALE-0030,sales_receipts,INVOICE_OR_RECEIPT,SALES_RECEIPTS,mau_hd_ban_hang_va_bien_lai_pdf.zip,02GTTT0_050.pdf,sales_receipts_0030_02GTTT0_050.pdf,raw/invoices/sales_receipts/individual/HĐ BÁN HÀNG/HĐ BÁN HÀNG TRƯỜNG HỌC/02GTTT0_050.pdf,benchmark/documents/sales_receipts/sales_receipts_0030_02GTTT0_050.pdf,ecdb65a3f0dc5b5706ff8c1c5ecf86ba9e6d82b4eb7fc12d210c42120e8b86e6,224788,1,841.89,595.28,False,0,True,False,True,,VALID,0,
SALE-0031,sales_receipts,INVOICE_OR_RECEIPT,SALES_RECEIPTS,mau_hd_ban_hang_va_bien_lai_pdf.zip,02GTTT0_051.pdf,sales_receipts_0031_02GTTT0_051.pdf,raw/invoices/sales_receipts/individual/HĐ BÁN HÀNG/HĐ BÁN HÀNG BỆNH VIỆN/02GTTT0_051.pdf,benchmark/documents/sales_receipts/sales_receipts_0031_02GTTT0_051.pdf,ea6d8779ec73b88b2ce5880cf45a60eafd0ba6fdbde8f68106c0fbc4f6966bb6,211065,1,841.89,595.28,False,0,True,False,True,,VALID,0,
SALE-0032,sales_receipts,INVOICE_OR_RECEIPT,SALES_RECEIPTS,mau_hd_ban_hang_va_bien_lai_pdf.zip,02GTTT0_052.pdf,sales_receipts_0032_02GTTT0_052.pdf,raw/invoices/sales_receipts/individual/HĐ BÁN HÀNG/HĐ BÁN HÀNG KHÁC/02GTTT0_052.pdf,benchmark/documents/sales_receipts/sales_receipts_0032_02GTTT0_052.pdf,29ced8f6a11557e06e69e1fee3a01bd82a4cc93273b1aee5e4afa03a1c6b51ac,202237,1,841.89,595.28,False,0,True,False,True,,VALID,0,
SALE-0033,sales_receipts,INVOICE_OR_RECEIPT,SALES_RECEIPTS,mau_hd_ban_hang_va_bien_lai_pdf.zip,02GTTT0_053.pdf,sales_receipts_0033_02GTTT0_053.pdf,raw/invoices/sales_receipts/individual/HĐ BÁN HÀNG/HĐ BÁN HÀNG KHÁC/02GTTT0_053.pdf,benchmark/documents/sales_receipts/sales_receipts_0033_02GTTT0_053.pdf,5c830b79ec689fdbc5fe4afee34a17c7d1c9f4a881634e94fe2b4c7691893702,218155,1,841.89,595.28,False,0,True,False,True,,VALID,0,
SALE-0034,sales_receipts,INVOICE_OR_RECEIPT,SALES_RECEIPTS,mau_hd_ban_hang_va_bien_lai_pdf.zip,02GTTT0_054.pdf,sales_receipts_0034_02GTTT0_054.pdf,raw/invoices/sales_receipts/individual/HĐ BÁN HÀNG/HĐ BÁN HÀNG TRƯỜNG HỌC/02GTTT0_054.pdf,benchmark/documents/sales_receipts/sales_receipts_0034_02GTTT0_054.pdf,36326d2ae49f7fe59271b2f220b6a0118a9cde5e4a41060b0e5bd0a8599ac21d,267149,1,595.28,841.89,False,0,True,False,True,,VALID,0,
SALE-0035,sales_receipts,INVOICE_OR_RECEIPT,SALES_RECEIPTS,mau_hd_ban_hang_va_bien_lai_pdf.zip,02GTTT0_054.pdf,sales_receipts_0035_02GTTT0_054.pdf,raw/invoices/sales_receipts/individual/HĐ BÁN HÀNG/HĐ BÁN HÀNG KHÁC/02GTTT0_054.pdf,benchmark/documents/sales_receipts/sales_receipts_0035_02GTTT0_054.pdf,185f5f34df0c64e832d930f917f9e5f8a4558b782147b93260af0e167a32d31e,283195,1,595.28,841.89,False,0,True,False,True,,VALID,0,
SALE-0036,sales_receipts,INVOICE_OR_RECEIPT,SALES_RECEIPTS,mau_hd_ban_hang_va_bien_lai_pdf.zip,02GTTT0_055-1.pdf,sales_receipts_0036_02GTTT0_055-1.pdf,raw/invoices/sales_receipts/individual/HĐ BÁN HÀNG/HĐ BÁN HÀNG BỆNH VIỆN/02GTTT0_055-1.pdf,benchmark/documents/sales_receipts/sales_receipts_0036_02GTTT0_055-1.pdf,1fcd7633747e13471338b2a527954cfe869e54b6bcdda25e6d8bc3f39d315baa,203539,1,595.28,841.89,False,0,True,False,True,,VALID,0,
SALE-0037,sales_receipts,INVOICE_OR_RECEIPT,SALES_RECEIPTS,mau_hd_ban_hang_va_bien_lai_pdf.zip,07KPTQ0_002.pdf,sales_receipts_0037_07KPTQ0_002.pdf,"raw/invoices/sales_receipts/individual/HĐ BÁN HÀNG/HĐ BÁN HÀNG (DÀNH CHO TỔ CHỨC, CÁ NHÂN TRONG KHU PHI THUẾ QUAN)/07KPTQ0_002.pdf",benchmark/documents/sales_receipts/sales_receipts_0037_07KPTQ0_002.pdf,10b99770660d17f4cb93e4620f399c721187849c8075dd7eb1d91f5a9e1a4472,294197,1,595.28,841.89,False,0,True,False,True,,VALID,0,
SALE-0038,sales_receipts,INVOICE_OR_RECEIPT,SALES_RECEIPTS,mau_hd_ban_hang_va_bien_lai_pdf.zip,07KPTQ0_003.pdf,sales_receipts_0038_07KPTQ0_003.pdf,"raw/invoices/sales_receipts/individual/HĐ BÁN HÀNG/HĐ BÁN HÀNG (DÀNH CHO TỔ CHỨC, CÁ NHÂN TRONG KHU PHI THUẾ QUAN)/07KPTQ0_003.pdf",benchmark/documents/sales_receipts/sales_receipts_0038_07KPTQ0_003.pdf,8c8fc56f163b6c4be907d9d1463b1a6e518cc4d285674cd1183379da762b6474,304339,1,595.28,841.89,False,0,True,False,True,,VALID,0,
